source_model_tag,model_tag,model_family,hidden_size,num_layers,dropout,learning_rate,epochs,best_epoch,best_valid_accuracy,best_valid_loss,final_valid_accuracy,final_valid_loss,test_accuracy,test_loss,test_correct,test_total,param_count,model_size_kb,inference_ms_per_batch_gpu,elapsed_seconds
overnight-conv1d-64-3layer-drop0.0-lr0.001,user-split-conv1d-64-3layer-drop0.0-lr0.001,Conv1D,64,3,0.0,0.001,35,32,0.9475,0.2293177304044366,0.9475,0.2293177304044366,0.9102244389027432,0.2697216183541719,365,401,27028,115.330078125,0.4396800000298148,8.212742199997592
overnight-conv1d-64-4layer-drop0.0-lr0.0005,user-split-conv1d-64-4layer-drop0.0-lr0.0005,Conv1D,64,4,0.0,0.0005,35,21,0.92,0.3436341813951731,0.92,0.3436341813951731,0.9775561097256857,0.12893736577985293,392,401,39508,166.8369140625,0.5819000000580369,9.141168100002687
overnight-conv1d-64-4layer-drop0.2-lr0.001,user-split-conv1d-64-4layer-drop0.2-lr0.001,Conv1D,64,4,0.2,0.001,35,21,0.9325,0.24904319014400245,0.9325,0.24904319014400245,0.9526184538653366,0.13007690958177062,382,401,39508,167.0244140625,0.6135233333528352,9.954327399995236
overnight-conv1d-64-4layer-drop0.1-lr0.0005,user-split-conv1d-64-4layer-drop0.1-lr0.0005,Conv1D,64,4,0.1,0.0005,35,28,0.915,0.28859042033553123,0.915,0.28859042033553123,0.9850374064837906,0.0649390871685342,395,401,39508,167.0244140625,0.5891733332343089,9.646214299995336
overnight-conv1d-64-4layer-drop0.1-lr0.001,user-split-conv1d-64-4layer-drop0.1-lr0.001,Conv1D,64,4,0.1,0.001,35,14,0.935,0.287283038944006,0.935,0.287283038944006,0.9775561097256857,0.09114297554640104,392,401,39508,167.0244140625,0.5693366668613938,9.631362800006173
overnight-conv1d-64-4layer-drop0.2-lr0.0005,user-split-conv1d-64-4layer-drop0.2-lr0.0005,Conv1D,64,4,0.2,0.0005,35,21,0.92,0.3401188525557518,0.92,0.3401188525557518,0.9675810473815462,0.12426246706387051,388,401,39508,167.0244140625,0.6732833331625443,9.639538800001901
overnight-conv1d-64-4layer-drop0.0-lr0.001,user-split-conv1d-64-4layer-drop0.0-lr0.001,Conv1D,64,4,0.0,0.001,35,15,0.9375,0.30162127047777176,0.9375,0.30162127047777176,0.9625935162094763,0.14296123337121378,386,401,39508,166.8369140625,0.5514833334018476,9.072011099997326
overnight-conv1d-64-3layer-drop0.1-lr0.0005,user-split-conv1d-64-3layer-drop0.1-lr0.0005,Conv1D,64,3,0.1,0.0005,35,24,0.915,0.37132338762283323,0.915,0.37132338762283323,0.942643391521197,0.19478466371051095,378,401,27028,115.392578125,0.457040000037523,8.311233399996127
overnight-gru-384-2layer-drop0.1-lr0.001,user-split-gru-384-2layer-drop0.1-lr0.001,GRU,384,2,0.1,0.001,40,14,0.8875,0.35755820902064445,0.8875,0.35755820902064445,0.9326683291770573,0.16654642812554676,374,401,1342868,5248.3798828125,0.6400066667993087,14.957113600001321
overnight-conv1d-64-3layer-drop0.0-lr0.0005,user-split-conv1d-64-3layer-drop0.0-lr0.0005,Conv1D,64,3,0.0,0.0005,35,18,0.925,0.4515980964899063,0.925,0.4515980964899063,0.9625935162094763,0.1920003555064784,386,401,27028,115.330078125,0.44895666675680934,7.852702700001828
overnight-gru-256-2layer-drop0.0-lr0.0005,user-split-gru-256-2layer-drop0.0-lr0.0005,GRU,256,2,0.0,0.0005,40,16,0.8525,0.48633685704320667,0.8525,0.48633685704320667,0.8628428927680798,0.5163759079360011,346,401,600340,2347.8798828125,0.6284333333799926,12.451282300004095
overnight-gru-256-2layer-drop0.2-lr0.0005,user-split-gru-256-2layer-drop0.2-lr0.0005,GRU,256,2,0.2,0.0005,40,18,0.83,0.47214452845044436,0.83,0.47214452845044436,0.8503740648379052,0.521786317563711,341,401,600340,2347.8798828125,0.502760000138854,12.315803599994979
overnight-gru-128-2layer-drop0.2-lr0.001,user-split-gru-128-2layer-drop0.2-lr0.001,GRU,128,2,0.2,0.001,40,16,0.77,0.7957911741733551,0.77,0.7957911741733551,0.8403990024937655,0.39523531262416794,337,401,152724,599.3798828125,0.360736666819624,9.039312100001553
overnight-gru-256-2layer-drop0.1-lr0.0003,user-split-gru-256-2layer-drop0.1-lr0.0003,GRU,256,2,0.1,0.0003,40,20,0.745,1.015366686619818,0.745,1.015366686619818,0.8054862842892768,0.7093181632403424,323,401,600340,2347.8798828125,0.5100299999564111,12.37892329999886
overnight-gru-256-2layer-drop0.35-lr0.002,user-split-gru-256-2layer-drop0.35-lr0.002,GRU,256,2,0.35,0.002,40,14,0.925,0.25854900749865917,0.925,0.25854900749865917,0.9376558603491272,0.238348575685164,376,401,600340,2347.8798828125,0.5367833332760104,12.310185700000147
overnight-gru-256-3layer-drop0.0-lr0.0003,user-split-gru-256-3layer-drop0.0-lr0.0003,GRU,256,3,0.0,0.0003,40,16,0.7625,0.8237054476886988,0.7625,0.8237054476886988,0.8129675810473815,0.7411354538657124,326,401,995092,3890.1923828125,0.6455499998992309,15.644373600000108
overnight-gru-256-2layer-drop0.35-lr0.0005,user-split-gru-256-2layer-drop0.35-lr0.0005,GRU,256,2,0.35,0.0005,40,26,0.81,0.6093606589175761,0.81,0.6093606589175761,0.8827930174563591,0.3055487836239641,354,401,600340,2347.8798828125,0.5011300000963578,12.311353999997664
overnight-gru-128-2layer-drop0.35-lr0.0005,user-split-gru-128-2layer-drop0.35-lr0.0005,GRU,128,2,0.35,0.0005,40,21,0.7375,0.9103688428923488,0.7375,0.9103688428923488,0.7655860349127181,0.7672483549450996,307,401,152724,599.3798828125,0.35809999996369396,8.953972699993756
overnight-gru-256-2layer-drop0.2-lr0.001,user-split-gru-256-2layer-drop0.2-lr0.001,GRU,256,2,0.2,0.001,40,7,0.86,0.40761728449724616,0.86,0.40761728449724616,0.8428927680798005,0.5396075285135065,338,401,600340,2347.8798828125,0.5048033335090925,12.574186400001054
overnight-gru-256-2layer-drop0.1-lr0.0005,user-split-gru-256-2layer-drop0.1-lr0.0005,GRU,256,2,0.1,0.0005,40,25,0.8375,0.5193586592841893,0.8375,0.5193586592841893,0.8453865336658354,0.5681215587845467,339,401,600340,2347.8798828125,0.5162566664997333,12.391443900000013
overnight-gru-128-3layer-drop0.2-lr0.001,user-split-gru-128-3layer-drop0.2-lr0.001,GRU,128,3,0.2,0.001,40,13,0.795,0.7190289761871099,0.795,0.7190289761871099,0.8254364089775561,0.7527233553943491,331,401,251796,986.6923828125,0.4039233332150616,10.168242799998552
overnight-gru-128-3layer-drop0.2-lr0.0005,user-split-gru-128-3layer-drop0.2-lr0.0005,GRU,128,3,0.2,0.0005,40,36,0.7475,1.38754127683118,0.7475,1.38754127683118,0.8503740648379052,0.7912553315076447,341,401,251796,986.6923828125,0.4018966666383979,10.249584299999697
overnight-lstm-384-1layer-drop0.0-lr0.0005,user-split-lstm-384-1layer-drop0.0-lr0.0005,LSTM,384,1,0.0,0.0005,40,25,0.7125,1.3430348554626108,0.7125,1.3430348554626108,0.7605985037406484,0.7848395779543089,305,401,605204,2366.5673828125,0.3991233335303453,9.893874999994296
overnight-conv1d-64-4layer-drop0.35-lr0.0005,user-split-conv1d-64-4layer-drop0.35-lr0.0005,Conv1D,64,4,0.35,0.0005,35,32,0.87,0.39022856898605823,0.87,0.39022856898605823,0.9027431421446384,0.24361010858245621,362,401,39508,167.0244140625,0.5812100001397388,9.501655799998844
overnight-gru-128-3layer-drop0.35-lr0.0005,user-split-gru-128-3layer-drop0.35-lr0.0005,GRU,128,3,0.35,0.0005,40,25,0.7175,1.3858671489078551,0.7175,1.3858671489078551,0.8054862842892768,0.8579912274852952,323,401,251796,986.6923828125,0.3969000000021576,10.361981100002595
overnight-conv1d-64-4layer-drop0.35-lr0.001,user-split-conv1d-64-4layer-drop0.35-lr0.001,Conv1D,64,4,0.35,0.001,35,22,0.9175,0.2960479041934013,0.9175,0.2960479041934013,0.9077306733167082,0.3397621285737007,364,401,39508,167.0244140625,0.5779166667101283,9.528013400005875
overnight-gru-256-1layer-drop0.0-lr0.001,user-split-gru-256-1layer-drop0.0-lr0.001,GRU,256,1,0.0,0.001,40,6,0.7925,0.6159797640517354,0.7925,0.6159797640517354,0.6957605985037406,0.935833191931099,279,401,205588,805.5673828125,0.33578333313926123,8.470136600000842
overnight-gru-256-2layer-drop0.0-lr0.0003,user-split-gru-256-2layer-drop0.0-lr0.0003,GRU,256,2,0.0,0.0003,40,22,0.7825,0.8257815351895988,0.7825,0.8257815351895988,0.8179551122194514,0.6574187822026802,328,401,600340,2347.8798828125,0.5163666666097319,11.529074799997034
overnight-conv1d-64-3layer-drop0.2-lr0.0005,user-split-conv1d-64-3layer-drop0.2-lr0.0005,Conv1D,64,3,0.2,0.0005,35,33,0.915,0.3106212930381298,0.915,0.3106212930381298,0.9301745635910225,0.24004498518018652,373,401,27028,115.392578125,0.4558000000542961,7.62193059999845
overnight-conv1d-64-3layer-drop0.1-lr0.001,user-split-conv1d-64-3layer-drop0.1-lr0.001,Conv1D,64,3,0.1,0.001,35,24,0.9575,0.21105694241821765,0.9575,0.21105694241821765,0.9276807980049875,0.2072242634124738,372,401,27028,115.392578125,0.44596333342875977,7.653203699999722
overnight-conv1d-64-3layer-drop0.2-lr0.001,user-split-conv1d-64-3layer-drop0.2-lr0.001,Conv1D,64,3,0.2,0.001,35,33,0.965,0.15613661882467567,0.965,0.15613661882467567,0.9226932668329177,0.3373048585326297,370,401,27028,115.392578125,0.4512100000283681,7.668503100001544
overnight-gru-256-1layer-drop0.0-lr0.0005,user-split-gru-256-1layer-drop0.0-lr0.0005,GRU,256,1,0.0,0.0005,40,12,0.68,1.1092489629425109,0.68,1.1092489629425109,0.743142144638404,0.7376307626614844,298,401,205588,805.5673828125,0.32901999996587017,8.691894499999762
overnight-gru-128-2layer-drop0.0-lr0.001,user-split-gru-128-2layer-drop0.0-lr0.001,GRU,128,2,0.0,0.001,40,17,0.7875,0.5997768074274064,0.7875,0.5997768074274064,0.8653366583541147,0.5021586699824678,347,401,152724,599.3798828125,0.3644766666790626,8.871771199999785
overnight-gru-128-2layer-drop0.35-lr0.001,user-split-gru-128-2layer-drop0.35-lr0.001,GRU,128,2,0.35,0.001,40,36,0.7375,1.0155755281448364,0.7375,1.0155755281448364,0.85785536159601,0.5163573512709944,344,401,152724,599.3798828125,0.3634566666733008,9.36240259999613
overnight-conv1d-128-2layer-drop0.0-lr0.0005,user-split-conv1d-128-2layer-drop0.0-lr0.0005,Conv1D,128,2,0.0,0.0005,35,30,0.875,0.42236902073025706,0.875,0.42236902073025706,0.9226932668329177,0.2484837257282395,370,401,53652,217.6982421875,0.3256133333100782,7.749319100003049
overnight-gru-384-2layer-drop0.2-lr0.0005,user-split-gru-384-2layer-drop0.2-lr0.0005,GRU,384,2,0.2,0.0005,40,10,0.84,0.48258021116256716,0.84,0.48258021116256716,0.8553615960099751,0.4833414625943153,343,401,1342868,5248.3798828125,0.6586699998782327,15.104250399999728
overnight-gru-384-2layer-drop0.1-lr0.0003,user-split-gru-384-2layer-drop0.1-lr0.0003,GRU,384,2,0.1,0.0003,40,34,0.8375,0.5281637908518314,0.8375,0.5281637908518314,0.827930174563591,0.6580894557466531,332,401,1342868,5248.3798828125,0.6617599998814209,14.569269899999199
overnight-gru-256-3layer-drop0.35-lr0.001,user-split-gru-256-3layer-drop0.35-lr0.001,GRU,256,3,0.35,0.001,40,16,0.855,0.4916684829350561,0.855,0.4916684829350561,0.9251870324189526,0.3338625283721379,371,401,995092,3890.1923828125,0.6971233332781896,15.38955270000588
overnight-gru-128-3layer-drop0.0-lr0.001,user-split-gru-128-3layer-drop0.0-lr0.001,GRU,128,3,0.0,0.001,40,35,0.825,0.7407979107787832,0.825,0.7407979107787832,0.800498753117207,1.0639285700967038,321,401,251796,986.6923828125,0.41890333329016965,9.371978999995918
overnight-gru-256-2layer-drop0.0-lr0.002,user-split-gru-256-2layer-drop0.0-lr0.002,GRU,256,2,0.0,0.002,40,13,0.8825,0.3634437891840935,0.8825,0.3634437891840935,0.9077306733167082,0.42853421846084166,364,401,600340,2347.8798828125,0.4992800000763964,11.533860100003949
overnight-gru-128-3layer-drop0.1-lr0.0005,user-split-gru-128-3layer-drop0.1-lr0.0005,GRU,128,3,0.1,0.0005,40,26,0.7475,1.180261820461601,0.7475,1.180261820461601,0.8254364089775561,0.6735647044276953,331,401,251796,986.6923828125,0.3906099998857826,9.602933099995425
overnight-gru-128-2layer-drop0.35-lr0.002,user-split-gru-128-2layer-drop0.35-lr0.002,GRU,128,2,0.35,0.002,40,37,0.805,0.7680994492809987,0.805,0.7680994492809987,0.8827930174563591,0.5145923140043035,354,401,152724,599.3798828125,0.335080000028635,8.595679899997776
overnight-gru-128-2layer-drop0.2-lr0.0003,user-split-gru-128-2layer-drop0.2-lr0.0003,GRU,128,2,0.2,0.0003,40,21,0.755,0.7880105483531952,0.755,0.7880105483531952,0.6982543640897756,0.8680500628199066,280,401,152724,599.3798828125,0.33813666668720543,8.671010500002012
overnight-gru-256-1layer-drop0.0-lr0.0003,user-split-gru-256-1layer-drop0.0-lr0.0003,GRU,256,1,0.0,0.0003,40,34,0.69,1.1632440445199608,0.69,1.1632440445199608,0.7281795511221946,0.999702638521456,292,401,205588,805.5673828125,0.3345266668475233,8.183817400000407
overnight-gru-128-3layer-drop0.2-lr0.002,user-split-gru-128-3layer-drop0.2-lr0.002,GRU,128,3,0.2,0.002,40,15,0.805,0.9565559835080057,0.805,0.9565559835080057,0.8553615960099751,0.6015835253526445,343,401,251796,986.6923828125,0.3902099999929002,9.467881900003704
overnight-gru-256-2layer-drop0.0-lr0.001,user-split-gru-256-2layer-drop0.0-lr0.001,GRU,256,2,0.0,0.001,40,36,0.8625,0.4073766518267803,0.8625,0.4073766518267803,0.9077306733167082,0.2733121498109322,364,401,600340,2347.8798828125,0.5037233332889931,11.595452299996396
overnight-gru-128-2layer-drop0.2-lr0.0005,user-split-gru-128-2layer-drop0.2-lr0.0005,GRU,128,2,0.2,0.0005,40,36,0.71,1.0568753588199615,0.71,1.0568753588199615,0.7855361596009975,0.8018319294636981,315,401,152724,599.3798828125,0.34449000013410114,8.436545199998363
overnight-conv1d-64-3layer-drop0.35-lr0.001,user-split-conv1d-64-3layer-drop0.35-lr0.001,Conv1D,64,3,0.35,0.001,35,29,0.9275,0.2846289002895355,0.9275,0.2846289002895355,0.8927680798004988,0.46914116835727954,358,401,27028,115.392578125,0.4566466666195387,7.610082899998815
overnight-gru-256-2layer-drop0.1-lr0.001,user-split-gru-256-2layer-drop0.1-lr0.001,GRU,256,2,0.1,0.001,40,7,0.7825,0.8380354146659375,0.7825,0.8380354146659375,0.8827930174563591,0.5072071050244971,354,401,600340,2347.8798828125,0.5074199999702008,11.863329100000556
overnight-gru-256-2layer-drop0.2-lr0.0003,user-split-gru-256-2layer-drop0.2-lr0.0003,GRU,256,2,0.2,0.0003,40,21,0.7925,0.8761526880599558,0.7925,0.8761526880599558,0.830423940149626,0.5301526443024823,333,401,600340,2347.8798828125,0.49497666671716917,11.68978849999985
overnight-gru-128-2layer-drop0.2-lr0.002,user-split-gru-128-2layer-drop0.2-lr0.002,GRU,128,2,0.2,0.002,40,38,0.835,0.5893057976849377,0.835,0.5893057976849377,0.8503740648379052,0.7052892276696731,341,401,152724,599.3798828125,0.3443200000522969,8.398742400000629
overnight-gru-256-2layer-drop0.2-lr0.002,user-split-gru-256-2layer-drop0.2-lr0.002,GRU,256,2,0.2,0.002,40,35,0.865,0.4273362975707278,0.865,0.4273362975707278,0.8927680798004988,0.3426153838745971,358,401,600340,2347.8798828125,0.5108833332390835,12.674946800005273
overnight-gru-128-2layer-drop0.0-lr0.002,user-split-gru-128-2layer-drop0.0-lr0.002,GRU,128,2,0.0,0.002,40,31,0.8425,0.578781235460192,0.8425,0.578781235460192,0.9152119700748129,0.39329363869740036,367,401,152724,599.3798828125,0.2647500000117967,8.951947800000198
overnight-gru-128-2layer-drop0.0-lr0.0005,user-split-gru-128-2layer-drop0.0-lr0.0005,GRU,128,2,0.0,0.0005,40,14,0.6675,1.0430233865976333,0.6675,1.0430233865976333,0.7381546134663342,0.7703177075730893,296,401,152724,599.3798828125,0.2701466665409195,9.183477300000959
overnight-gru-256-3layer-drop0.1-lr0.001,user-split-gru-256-3layer-drop0.1-lr0.001,GRU,256,3,0.1,0.001,40,35,0.9075,0.410889249695465,0.9075,0.410889249695465,0.9052369077306733,0.40565426245406083,363,401,995092,3890.1923828125,0.6483266668510623,15.988675100001274
overnight-gru-384-1layer-drop0.0-lr0.0003,user-split-gru-384-1layer-drop0.0-lr0.0003,GRU,384,1,0.0,0.0003,40,17,0.76,0.8142701596021652,0.76,0.8142701596021652,0.770573566084788,0.6722691024367946,309,401,455828,1783.0673828125,0.31726999998985167,8.504950700000336
overnight-gru-384-2layer-drop0.0-lr0.0005,user-split-gru-384-2layer-drop0.0-lr0.0005,GRU,384,2,0.0,0.0005,40,30,0.855,0.5562278946209699,0.855,0.5562278946209699,0.8728179551122195,0.46338510261546645,350,401,1342868,5248.3798828125,0.6586866666718076,13.956618999996863
overnight-gru-128-3layer-drop0.2-lr0.0003,user-split-gru-128-3layer-drop0.2-lr0.0003,GRU,128,3,0.2,0.0003,40,28,0.7225,1.1082494406215846,0.7225,1.1082494406215846,0.7605985037406484,0.8027377595330711,305,401,251796,986.6923828125,0.388349999896794,9.530081299999438
overnight-gru-256-3layer-drop0.0-lr0.0005,user-split-gru-256-3layer-drop0.0-lr0.0005,GRU,256,3,0.0,0.0005,40,17,0.8975,0.351795684043318,0.8975,0.351795684043318,0.8478802992518704,0.6361926849048929,340,401,995092,3890.1923828125,0.6740299999364652,15.026139699999476
overnight-gru-256-2layer-drop0.35-lr0.001,user-split-gru-256-2layer-drop0.35-lr0.001,GRU,256,2,0.35,0.001,40,10,0.8375,0.5834194004628808,0.8375,0.5834194004628808,0.8478802992518704,0.5641834686819157,340,401,600340,2347.8798828125,0.49385666667755385,11.621793699996488
overnight-gru-128-2layer-drop0.1-lr0.002,user-split-gru-128-2layer-drop0.1-lr0.002,GRU,128,2,0.1,0.002,40,30,0.84,0.5384959343727678,0.84,0.5384959343727678,0.8553615960099751,0.7527118664736536,343,401,152724,599.3798828125,0.3330933335140192,8.401877399999648
overnight-gru-384-2layer-drop0.2-lr0.002,user-split-gru-384-2layer-drop0.2-lr0.002,GRU,384,2,0.2,0.002,40,9,0.9075,0.289560381018091,0.9075,0.289560381018091,0.9301745635910225,0.1854419032775999,373,401,1342868,5248.3798828125,0.6483366666846754,14.457452700000431
overnight-gru-384-3layer-drop0.35-lr0.002,user-split-gru-384-3layer-drop0.35-lr0.002,GRU,384,3,0.35,0.002,40,10,0.895,0.3471858080779202,0.895,0.3471858080779202,0.9152119700748129,0.3697081176271462,367,401,2229908,8713.6923828125,0.9489000001243161,19.61356810000143
overnight-gru-384-3layer-drop0.35-lr0.001,user-split-gru-384-3layer-drop0.35-lr0.001,GRU,384,3,0.35,0.001,40,16,0.9075,0.34881209983024747,0.9075,0.34881209983024747,0.8877805486284289,0.4116656117308467,356,401,2229908,8713.6923828125,0.9650199999062654,19.589182699994126
overnight-gru-384-3layer-drop0.0-lr0.002,user-split-gru-384-3layer-drop0.0-lr0.002,GRU,384,3,0.0,0.002,40,35,0.8975,0.3932397001993377,0.8975,0.3932397001993377,0.9077306733167082,0.31127844732823756,364,401,2229908,8713.6923828125,0.96151333321662,18.99268480000319
overnight-gru-384-2layer-drop0.35-lr0.0005,user-split-gru-384-2layer-drop0.35-lr0.0005,GRU,384,2,0.35,0.0005,40,24,0.835,0.5421325839776546,0.835,0.5421325839776546,0.8778054862842892,0.44049848826077215,352,401,1342868,5248.3798828125,0.6670866666051248,14.427174999997078
overnight-lstm-384-1layer-drop0.0-lr0.001,user-split-lstm-384-1layer-drop0.0-lr0.001,LSTM,384,1,0.0,0.001,40,21,0.795,0.6816715957224369,0.795,0.6816715957224369,0.800498753117207,0.782695796944554,321,401,605204,2366.5673828125,0.4050966667515846,9.3055172999957
overnight-gru-128-2layer-drop0.1-lr0.0003,user-split-gru-128-2layer-drop0.1-lr0.0003,GRU,128,2,0.1,0.0003,40,21,0.6975,0.903022192120552,0.6975,0.903022192120552,0.7007481296758105,0.9034165545294707,281,401,152724,599.3798828125,0.3404800001590047,8.36973769999895
overnight-gru-64-3layer-drop0.0-lr0.002,user-split-gru-64-3layer-drop0.0-lr0.002,GRU,64,3,0.0,0.002,40,21,0.8225,0.9269764427095651,0.8225,0.9269764427095651,0.7780548628428927,0.9767983941514593,312,401,64468,254.8798828125,0.28383333337842487,10.140433100001246
overnight-gru-128-3layer-drop0.0-lr0.0003,user-split-gru-128-3layer-drop0.0-lr0.0003,GRU,128,3,0.0,0.0003,40,26,0.7225,1.2837466995045543,0.7225,1.2837466995045543,0.8154613466334164,0.712618325100724,327,401,251796,986.6923828125,0.44238666669116355,9.715996099999757
overnight-gru-256-1layer-drop0.0-lr0.002,user-split-gru-256-1layer-drop0.0-lr0.002,GRU,256,1,0.0,0.002,40,25,0.85,0.7330447268672288,0.85,0.7330447268672288,0.8453865336658354,0.8759971428616089,339,401,205588,805.5673828125,0.31469333334825933,8.220479499999783
overnight-gru-128-3layer-drop0.1-lr0.001,user-split-gru-128-3layer-drop0.1-lr0.001,GRU,128,3,0.1,0.001,40,14,0.8375,0.625086548551917,0.8375,0.625086548551917,0.7531172069825436,0.8217241775959805,302,401,251796,986.6923828125,0.4005299999941295,9.693849499999487
overnight-gru-256-2layer-drop0.1-lr0.002,user-split-gru-256-2layer-drop0.1-lr0.002,GRU,256,2,0.1,0.002,40,21,0.935,0.23307220071437768,0.935,0.23307220071437768,0.9276807980049875,0.2085543043233287,372,401,600340,2347.8798828125,0.5219000001185728,12.60683770000469
overnight-conv1d-64-3layer-drop0.35-lr0.0005,user-split-conv1d-64-3layer-drop0.35-lr0.0005,Conv1D,64,3,0.35,0.0005,35,33,0.8725,0.41320493251085283,0.8725,0.41320493251085283,0.8877805486284289,0.34787453974868887,356,401,27028,115.392578125,0.4709199999827737,8.482538600001135
overnight-gru-256-3layer-drop0.0-lr0.001,user-split-gru-256-3layer-drop0.0-lr0.001,GRU,256,3,0.0,0.001,40,13,0.88,0.4039527739631012,0.88,0.4039527739631012,0.8902743142144638,0.4051023946698764,357,401,995092,3890.1923828125,0.7798833333557317,15.924249700001383
overnight-gru-256-3layer-drop0.0-lr0.002,user-split-gru-256-3layer-drop0.0-lr0.002,GRU,256,3,0.0,0.002,40,14,0.8675,0.5015908782836049,0.8675,0.5015908782836049,0.9177057356608479,0.26389322615695415,368,401,995092,3890.1923828125,0.6427166665768406,15.234394999999495
overnight-gru-64-3layer-drop0.1-lr0.002,user-split-gru-64-3layer-drop0.1-lr0.002,GRU,64,3,0.1,0.002,40,27,0.83,0.7831476442329586,0.83,0.7831476442329586,0.8453865336658354,0.5862854180156144,339,401,64468,254.8798828125,0.2433466666843742,9.529944100002467
overnight-gru-128-3layer-drop0.35-lr0.001,user-split-gru-128-3layer-drop0.35-lr0.001,GRU,128,3,0.35,0.001,40,19,0.815,0.6920398172363639,0.815,0.6920398172363639,0.8379052369077307,0.6760542435836316,336,401,251796,986.6923828125,0.38118333322927356,9.74174949999724
overnight-gru-64-2layer-drop0.1-lr0.001,user-split-gru-64-2layer-drop0.1-lr0.001,GRU,64,2,0.1,0.001,40,38,0.6775,1.363654539808631,0.6775,1.363654539808631,0.7980049875311721,0.7004206817494961,320,401,39508,157.0673828125,0.2261200000551374,8.37552929999947
overnight-gru-128-2layer-drop0.1-lr0.001,user-split-gru-128-2layer-drop0.1-lr0.001,GRU,128,2,0.1,0.001,40,16,0.8,0.5597007948160172,0.8,0.5597007948160172,0.8354114713216958,0.4495534081560121,335,401,152724,599.3798828125,0.3443200000522969,8.664071100000001
overnight-gru-64-3layer-drop0.35-lr0.001,user-split-gru-64-3layer-drop0.35-lr0.001,GRU,64,3,0.35,0.001,40,31,0.805,1.0441093127429486,0.805,1.0441093127429486,0.8029925187032418,0.8604195939186505,322,401,64468,254.8798828125,0.2351933333557099,10.175362199996016
overnight-gru-128-3layer-drop0.1-lr0.002,user-split-gru-128-3layer-drop0.1-lr0.002,GRU,128,3,0.1,0.002,40,33,0.8625,0.5566884147236124,0.8625,0.5566884147236124,0.9077306733167082,0.5183363548222176,364,401,251796,986.6923828125,0.38580333324110444,9.66259159999754
overnight-gru-128-3layer-drop0.35-lr0.0003,user-split-gru-128-3layer-drop0.35-lr0.0003,GRU,128,3,0.35,0.0003,40,25,0.7325,1.1090612239949404,0.7325,1.1090612239949404,0.773067331670823,0.8005694840614338,310,401,251796,986.6923828125,0.3823399999722218,9.661138600000413
overnight-gru-256-2layer-drop0.35-lr0.0003,user-split-gru-256-2layer-drop0.35-lr0.0003,GRU,256,2,0.35,0.0003,40,21,0.7875,0.7758313468843698,0.7875,0.7758313468843698,0.7930174563591023,0.6572184710208318,318,401,600340,2347.8798828125,0.5098533333997086,11.753821099999186
overnight-gru-384-3layer-drop0.35-lr0.0005,user-split-gru-384-3layer-drop0.35-lr0.0005,GRU,384,3,0.35,0.0005,40,16,0.8075,0.7513525532698259,0.8075,0.7513525532698259,0.8354114713216958,0.7016037854173237,335,401,2229908,8713.6923828125,0.9603633334336337,19.589035100005276
overnight-gru-384-3layer-drop0.0-lr0.0005,user-split-gru-384-3layer-drop0.0-lr0.0005,GRU,384,3,0.0,0.0005,40,21,0.84,0.7145390708232299,0.84,0.7145390708232299,0.8778054862842892,0.61399020629928,352,401,2229908,8713.6923828125,0.9409699998892999,18.973358900002495
overnight-gru-384-3layer-drop0.0-lr0.001,user-split-gru-384-3layer-drop0.0-lr0.001,GRU,384,3,0.0,0.001,40,21,0.8925,0.4785764963529073,0.8925,0.4785764963529073,0.9476309226932669,0.20285694418182396,380,401,2229908,8713.6923828125,0.948199999887341,19.067715099998168
overnight-gru-128-3layer-drop0.0-lr0.0005,user-split-gru-128-3layer-drop0.0-lr0.0005,GRU,128,3,0.0,0.0005,40,26,0.7525,0.9784696087799967,0.7525,0.9784696087799967,0.8354114713216958,0.7486917208555036,335,401,251796,986.6923828125,0.41949666653332923,9.303852600001846
overnight-gru-128-3layer-drop0.0-lr0.002,user-split-gru-128-3layer-drop0.0-lr0.002,GRU,128,3,0.0,0.002,40,14,0.84,0.5938970454409719,0.84,0.5938970454409719,0.8403990024937655,0.6148914158938829,337,401,251796,986.6923828125,0.4274933332150492,9.566005299995595
overnight-gru-128-1layer-drop0.0-lr0.001,user-split-gru-128-1layer-drop0.0-lr0.001,GRU,128,1,0.0,0.001,40,35,0.775,0.876331957243383,0.775,0.876331957243383,0.8478802992518704,0.48504978035602186,340,401,53652,212.0048828125,0.21702666684480693,7.640778900000441
overnight-gru-128-3layer-drop0.1-lr0.0003,user-split-gru-128-3layer-drop0.1-lr0.0003,GRU,128,3,0.1,0.0003,40,27,0.755,0.9134688140265643,0.755,0.9134688140265643,0.8229426433915212,0.7217358894776228,330,401,251796,986.6923828125,0.3917400000015429,9.702300100005232
overnight-conv1d-64-2layer-drop0.0-lr0.001,user-split-conv1d-64-2layer-drop0.0-lr0.001,Conv1D,64,2,0.0,0.001,35,25,0.8625,0.49014499425888064,0.8625,0.49014499425888064,0.8603491271820449,0.43116564450418565,345,401,14548,63.9482421875,0.32976999985597405,6.24833149999904
overnight-gru-384-2layer-drop0.2-lr0.001,user-split-gru-384-2layer-drop0.2-lr0.001,GRU,384,2,0.2,0.001,40,8,0.895,0.28942149129696193,0.895,0.28942149129696193,0.9326683291770573,0.18607625132542743,374,401,1342868,5248.3798828125,0.6477700000687037,14.711113899997144
overnight-gru-384-2layer-drop0.1-lr0.002,user-split-gru-384-2layer-drop0.1-lr0.002,GRU,384,2,0.1,0.002,40,9,0.89,0.2817891399562359,0.89,0.2817891399562359,0.9052369077306733,0.290827240283947,363,401,1342868,5248.3798828125,0.6461233334751645,14.477479100001801
overnight-gru-384-2layer-drop0.1-lr0.0005,user-split-gru-384-2layer-drop0.1-lr0.0005,GRU,384,2,0.1,0.0005,40,19,0.8975,0.4393012099713087,0.8975,0.4393012099713087,0.8753117206982544,0.3436767279804496,351,401,1342868,5248.3798828125,0.655446666739105,14.46106759999384
overnight-gru-384-3layer-drop0.2-lr0.002,user-split-gru-384-3layer-drop0.2-lr0.002,GRU,384,3,0.2,0.002,40,7,0.8975,0.34167068186681715,0.8975,0.34167068186681715,0.9226932668329177,0.29227691039703135,370,401,2229908,8713.6923828125,0.9343266666595204,19.64039010000124
overnight-gru-384-2layer-drop0.2-lr0.0003,user-split-gru-384-2layer-drop0.2-lr0.0003,GRU,384,2,0.2,0.0003,40,28,0.88,0.4228861072659493,0.88,0.4228861072659493,0.9052369077306733,0.32658114345590966,363,401,1342868,5248.3798828125,0.6649233332912747,14.555601899999601
overnight-gru-64-2layer-drop0.35-lr0.002,user-split-gru-64-2layer-drop0.35-lr0.002,GRU,64,2,0.35,0.002,40,23,0.7925,0.6402508045360445,0.7925,0.6402508045360445,0.8952618453865336,0.42214184148501877,359,401,39508,157.0673828125,0.23650999986178553,8.498114900001383
overnight-gru-384-3layer-drop0.2-lr0.0005,user-split-gru-384-3layer-drop0.2-lr0.0005,GRU,384,3,0.2,0.0005,40,13,0.8975,0.32348838907200844,0.8975,0.32348838907200844,0.8778054862842892,0.4578571797086116,352,401,2229908,8713.6923828125,0.9429499999290177,20.327391500002705
overnight-gru-384-3layer-drop0.1-lr0.002,user-split-gru-384-3layer-drop0.1-lr0.002,GRU,384,3,0.1,0.002,40,12,0.885,0.3893363553506788,0.885,0.3893363553506788,0.942643391521197,0.26950332033738233,378,401,2229908,8713.6923828125,0.9528533332437898,20.08716650000133
overnight-gru-64-2layer-drop0.2-lr0.001,user-split-gru-64-2layer-drop0.2-lr0.001,GRU,64,2,0.2,0.001,40,25,0.715,1.0154551893472672,0.715,1.0154551893472672,0.8653366583541147,0.4319137034570784,347,401,39508,157.0673828125,0.22507000006347272,8.473563699997612
overnight-lstm-256-2layer-drop0.35-lr0.001,user-split-lstm-256-2layer-drop0.35-lr0.001,LSTM,256,2,0.35,0.001,40,14,0.81,0.7093199533224106,0.81,0.7093199533224106,0.7755610972568578,0.7536263154480523,311,401,798740,3122.8798828125,0.5510366667294875,12.624516299998504
overnight-gru-384-3layer-drop0.35-lr0.0003,user-split-gru-384-3layer-drop0.35-lr0.0003,GRU,384,3,0.35,0.0003,40,15,0.7975,0.6913099181279541,0.7975,0.6913099181279541,0.8403990024937655,0.6946342151955773,337,401,2229908,8713.6923828125,0.9276899999046387,19.71856509999634
overnight-gru-384-2layer-drop0.0-lr0.0003,user-split-gru-384-2layer-drop0.0-lr0.0003,GRU,384,2,0.0,0.0003,40,39,0.8725,0.40159156021662057,0.8725,0.40159156021662057,0.8753117206982544,0.4092307722107728,351,401,1342868,5248.3798828125,0.6655800001074871,14.103590499995335
overnight-gru-384-3layer-drop0.0-lr0.0003,user-split-gru-384-3layer-drop0.0-lr0.0003,GRU,384,3,0.0,0.0003,40,21,0.795,0.6941171206254512,0.795,0.6941171206254512,0.8453865336658354,0.7387659836588357,339,401,2229908,8713.6923828125,1.0056733333234054,19.1298386999988
overnight-gru-384-3layer-drop0.1-lr0.0003,user-split-gru-384-3layer-drop0.1-lr0.0003,GRU,384,3,0.1,0.0003,40,22,0.795,0.7405627874936909,0.795,0.7405627874936909,0.8753117206982544,0.6779931396468917,351,401,2229908,8713.6923828125,0.9509233333422648,19.710083499994653
overnight-gru-384-3layer-drop0.1-lr0.0005,user-split-gru-384-3layer-drop0.1-lr0.0005,GRU,384,3,0.1,0.0005,40,17,0.825,0.6257343878597021,0.825,0.6257343878597021,0.8379052369077307,0.6990313088507426,336,401,2229908,8713.6923828125,0.9305799998401199,19.670402299998386
overnight-gru-384-2layer-drop0.35-lr0.0003,user-split-gru-384-2layer-drop0.35-lr0.0003,GRU,384,2,0.35,0.0003,40,14,0.815,0.5218542125821114,0.815,0.5218542125821114,0.8428927680798005,0.48898900997014416,338,401,1342868,5248.3798828125,0.6586133332651419,14.503231499998947
overnight-gru-256-3layer-drop0.2-lr0.0005,user-split-gru-256-3layer-drop0.2-lr0.0005,GRU,256,3,0.2,0.0005,40,11,0.7925,0.6666820652782917,0.7925,0.6666820652782917,0.8154613466334164,0.6694203343920577,327,401,995092,3890.1923828125,0.6789033332703791,15.38164549999783
overnight-gru-128-2layer-drop0.1-lr0.0005,user-split-gru-128-2layer-drop0.1-lr0.0005,GRU,128,2,0.1,0.0005,40,14,0.675,0.9921679274737835,0.675,0.9921679274737835,0.7256857855361596,0.7980025513213769,291,401,152724,599.3798828125,0.3471366668236442,8.439716699998826
overnight-gru-64-3layer-drop0.0-lr0.001,user-split-gru-64-3layer-drop0.0-lr0.001,GRU,64,3,0.0,0.001,40,14,0.77,0.9977100419998169,0.77,0.9977100419998169,0.7655860349127181,0.873578518108834,307,401,64468,254.8798828125,0.28050999996291165,10.156588199999533
overnight-lstm-384-3layer-drop0.0-lr0.0005,user-split-lstm-384-3layer-drop0.0-lr0.0005,LSTM,384,3,0.0,0.0005,40,35,0.8475,0.6876276333257556,0.8475,0.6876276333257556,0.8653366583541147,0.796114232790589,347,401,2970644,11607.1923828125,1.3700199999827116,23.5233156999966
overnight-gru-128-2layer-drop0.0-lr0.0003,user-split-gru-128-2layer-drop0.0-lr0.0003,GRU,128,2,0.0,0.0003,40,34,0.6675,1.2026652446389199,0.6675,1.2026652446389199,0.71571072319202,0.8389158076478953,287,401,152724,599.3798828125,0.3560733333870303,8.35294559999602
overnight-gru-64-2layer-drop0.35-lr0.001,user-split-gru-64-2layer-drop0.35-lr0.001,GRU,64,2,0.35,0.001,40,32,0.7325,1.1804373689927161,0.7325,1.1804373689927161,0.8902743142144638,0.34577654216652204,357,401,39508,157.0673828125,0.2576599998671251,8.837358400000085
overnight-lstm-384-3layer-drop0.2-lr0.0005,user-split-lstm-384-3layer-drop0.2-lr0.0005,LSTM,384,3,0.2,0.0005,40,15,0.83,0.5856850837171078,0.83,0.5856850837171078,0.6608478802992519,1.075899836651405,265,401,2970644,11607.1923828125,1.3881366665979535,24.002753900000243
overnight-lstm-256-1layer-drop0.0-lr0.001,user-split-lstm-256-1layer-drop0.0-lr0.001,LSTM,256,1,0.0,0.001,40,13,0.735,0.9319482373818755,0.735,0.9319482373818755,0.7805486284289277,0.9011453999452609,313,401,272404,1066.5673828125,0.3516566665590896,8.54310329999862
overnight-gru-384-1layer-drop0.0-lr0.001,user-split-gru-384-1layer-drop0.0-lr0.001,GRU,384,1,0.0,0.001,40,31,0.8475,0.5820866078138351,0.8475,0.5820866078138351,0.912718204488778,0.2753755440122617,366,401,455828,1783.0673828125,0.3323233332290935,8.555023799999617
overnight-gru-64-3layer-drop0.1-lr0.001,user-split-gru-64-3layer-drop0.1-lr0.001,GRU,64,3,0.1,0.001,40,18,0.81,0.854132141917944,0.81,0.854132141917944,0.7980049875311721,0.7180863690197914,320,401,64468,254.8798828125,0.23609333341786018,9.577035700000124
overnight-gru-64-2layer-drop0.0-lr0.002,user-split-gru-64-2layer-drop0.0-lr0.002,GRU,64,2,0.0,0.002,40,22,0.72,1.1757989588193596,0.72,1.1757989588193596,0.8403990024937655,0.5495264414985875,337,401,39508,157.0673828125,0.26552333341290557,8.833301499995287
overnight-gru-128-2layer-drop0.35-lr0.0003,user-split-gru-128-2layer-drop0.35-lr0.0003,GRU,128,2,0.35,0.0003,40,21,0.74,0.8709625543653965,0.74,0.8709625543653965,0.7182044887780549,0.9082426891808498,288,401,152724,599.3798828125,0.307996666621572,9.174264699999185
overnight-gru-256-3layer-drop0.1-lr0.002,user-split-gru-256-3layer-drop0.1-lr0.002,GRU,256,3,0.1,0.002,40,5,0.8775,0.3918907667696476,0.8775,0.3918907667696476,0.912718204488778,0.284718082395575,366,401,995092,3890.1923828125,0.6662200001301244,16.144879100000253
overnight-gru-256-3layer-drop0.1-lr0.0005,user-split-gru-256-3layer-drop0.1-lr0.0005,GRU,256,3,0.1,0.0005,40,12,0.8575,0.5065262180566787,0.8575,0.5065262180566787,0.8778054862842892,0.4087494198520879,352,401,995092,3890.1923828125,0.6886233333110189,16.089361199999985
overnight-gru-128-3layer-drop0.35-lr0.002,user-split-gru-128-3layer-drop0.35-lr0.002,GRU,128,3,0.35,0.002,40,19,0.825,0.643272276353091,0.825,0.643272276353091,0.8603491271820449,0.44555964688782085,345,401,251796,986.6923828125,0.39022333342776017,10.107059100002516
overnight-conv1d-64-2layer-drop0.0-lr0.0005,user-split-conv1d-64-2layer-drop0.0-lr0.0005,Conv1D,64,2,0.0,0.0005,35,32,0.815,0.6231910765171051,0.815,0.6231910765171051,0.8179551122194514,0.48744814309693335,328,401,14548,63.9482421875,0.32231000004685484,6.2068103000056
overnight-lstm-384-2layer-drop0.35-lr0.0005,user-split-lstm-384-2layer-drop0.35-lr0.0005,LSTM,384,2,0.35,0.0005,40,27,0.8125,1.0341334259882569,0.8125,1.0341334259882569,0.8478802992518704,0.7143700434234077,340,401,1787924,6986.8798828125,0.9267066666022099,16.93844679999893
overnight-conv1d-64-2layer-drop0.1-lr0.001,user-split-conv1d-64-2layer-drop0.1-lr0.001,Conv1D,64,2,0.1,0.001,35,34,0.8275,0.5835050994157791,0.8275,0.5835050994157791,0.8528678304239401,0.4656424969434738,342,401,14548,64.0107421875,0.34212333339382894,6.452923400000145
overnight-conv1d-64-2layer-drop0.2-lr0.001,user-split-conv1d-64-2layer-drop0.2-lr0.001,Conv1D,64,2,0.2,0.001,35,21,0.7675,0.8216316211223602,0.7675,0.8216316211223602,0.8329177057356608,0.4544719524514348,334,401,14548,64.0107421875,0.3403866666000492,6.869982099997287
overnight-gru-384-3layer-drop0.2-lr0.001,user-split-gru-384-3layer-drop0.2-lr0.001,GRU,384,3,0.2,0.001,40,11,0.915,0.269386581312865,0.915,0.269386581312865,0.8827930174563591,0.46659584052656355,354,401,2229908,8713.6923828125,0.9439000001293607,19.944884999997157
overnight-gru-384-2layer-drop0.0-lr0.001,user-split-gru-384-2layer-drop0.0-lr0.001,GRU,384,2,0.0,0.001,40,26,0.89,0.362810342637822,0.89,0.362810342637822,0.970074812967581,0.0942798938760139,389,401,1342868,5248.3798828125,0.6577566666237544,13.956877600001462
overnight-gru-256-3layer-drop0.2-lr0.001,user-split-gru-256-3layer-drop0.2-lr0.001,GRU,256,3,0.2,0.001,40,10,0.8575,0.3850764900445938,0.8575,0.3850764900445938,0.8528678304239401,0.385213175353053,342,401,995092,3890.1923828125,0.6526799998634185,15.351824299999862
overnight-lstm-256-2layer-drop0.0-lr0.001,user-split-lstm-256-2layer-drop0.0-lr0.001,LSTM,256,2,0.0,0.001,40,28,0.8,1.034238129593432,0.8,1.034238129593432,0.8329177057356608,0.8265309804246908,334,401,798740,3122.8798828125,0.5374833335129854,12.238022000005003
overnight-gru-384-2layer-drop0.35-lr0.002,user-split-gru-384-2layer-drop0.35-lr0.002,GRU,384,2,0.35,0.002,40,19,0.9125,0.23806041127769276,0.9125,0.23806041127769276,0.942643391521197,0.21991242939360123,378,401,1342868,5248.3798828125,0.6506333333769969,14.477071699999215
overnight-gru-384-2layer-drop0.0-lr0.002,user-split-gru-384-2layer-drop0.0-lr0.002,GRU,384,2,0.0,0.002,40,36,0.8825,0.34667517881665844,0.8825,0.34667517881665844,0.942643391521197,0.19549954010224774,378,401,1342868,5248.3798828125,0.7618199999948653,13.959234100002504
overnight-gru-64-2layer-drop0.0-lr0.001,user-split-gru-64-2layer-drop0.0-lr0.001,GRU,64,2,0.0,0.001,40,21,0.6775,1.1335986849665642,0.6775,1.1335986849665642,0.7830423940149626,0.7286113885572724,314,401,39508,157.0673828125,0.3385466666562328,8.168667899997672
overnight-gru-64-3layer-drop0.0-lr0.0005,user-split-gru-64-3layer-drop0.0-lr0.0005,GRU,64,3,0.0,0.0005,40,31,0.74,1.2684424155950547,0.74,1.2684424155950547,0.7182044887780549,1.0350555814709748,288,401,64468,254.8798828125,0.28472000000571523,10.370447900000727
overnight-gru-128-1layer-drop0.0-lr0.0005,user-split-gru-128-1layer-drop0.0-lr0.0005,GRU,128,1,0.0,0.0005,40,32,0.71,1.0453749867528677,0.71,1.0453749867528677,0.8154613466334164,0.6442714042199817,327,401,53652,212.0048828125,0.22139666665073796,7.9778810999996495
overnight-gru-64-3layer-drop0.35-lr0.002,user-split-gru-64-3layer-drop0.35-lr0.002,GRU,64,3,0.35,0.002,40,32,0.87,0.5932747572287917,0.87,0.5932747572287917,0.8354114713216958,0.6615716307017572,335,401,64468,254.8798828125,0.24203333329448168,10.267364200000884
overnight-gru-64-3layer-drop0.2-lr0.001,user-split-gru-64-3layer-drop0.2-lr0.001,GRU,64,3,0.2,0.001,40,26,0.7875,1.0485789769887923,0.7875,1.0485789769887923,0.7880299251870324,1.0564832431717108,316,401,64468,254.8798828125,0.23989333349163644,10.345431700006884
overnight-gru-64-2layer-drop0.1-lr0.002,user-split-gru-64-2layer-drop0.1-lr0.002,GRU,64,2,0.1,0.002,40,28,0.72,1.1693176850676537,0.72,1.1693176850676537,0.8204488778054863,0.7382528984412885,329,401,39508,157.0673828125,0.2390699999523349,9.198455800004012
overnight-gru-64-3layer-drop0.2-lr0.002,user-split-gru-64-3layer-drop0.2-lr0.002,GRU,64,3,0.2,0.002,40,10,0.83,0.6862977991998196,0.83,0.6862977991998196,0.7880299251870324,0.9162374436112116,316,401,64468,254.8798828125,0.2321433334145695,10.357918000001519
overnight-gru-64-2layer-drop0.2-lr0.0005,user-split-gru-64-2layer-drop0.2-lr0.0005,GRU,64,2,0.2,0.0005,40,34,0.6975,1.2079585034400224,0.6975,1.2079585034400224,0.7655860349127181,0.740513177286657,307,401,39508,157.0673828125,0.22120333330046074,8.91241479999735
overnight-gru-64-2layer-drop0.2-lr0.002,user-split-gru-64-2layer-drop0.2-lr0.002,GRU,64,2,0.2,0.002,40,14,0.7275,1.0884917836636305,0.7275,1.0884917836636305,0.8528678304239401,0.4611738249102138,342,401,39508,157.0673828125,0.21982999993876243,9.080250500002876
overnight-lstm-384-2layer-drop0.1-lr0.001,user-split-lstm-384-2layer-drop0.1-lr0.001,LSTM,384,2,0.1,0.001,40,31,0.77,1.090322353169322,0.77,1.090322353169322,0.7281795511221946,1.409482705316267,292,401,1787924,6986.8798828125,0.9151433332590386,16.933922399999574
overnight-lstm-384-3layer-drop0.1-lr0.001,user-split-lstm-384-3layer-drop0.1-lr0.001,LSTM,384,3,0.1,0.001,40,36,0.85,0.7077680114307441,0.85,0.7077680114307441,0.8403990024937655,0.7831451027675014,337,401,2970644,11607.1923828125,1.3887299998411133,23.847711700000218
overnight-lstm-256-1layer-drop0.0-lr0.0005,user-split-lstm-256-1layer-drop0.0-lr0.0005,LSTM,256,1,0.0,0.0005,40,23,0.7075,1.065950608253479,0.7075,1.065950608253479,0.7032418952618454,1.1517531726128443,282,401,272404,1066.5673828125,0.3428999999111208,8.554598700000497
overnight-lstm-256-2layer-drop0.1-lr0.0005,user-split-lstm-256-2layer-drop0.1-lr0.0005,LSTM,256,2,0.1,0.0005,40,34,0.8425,0.6951087451726198,0.8425,0.6951087451726198,0.8204488778054863,0.6234901943929178,329,401,798740,3122.8798828125,0.5232499999692664,12.467383299997891
overnight-lstm-384-3layer-drop0.1-lr0.0005,user-split-lstm-384-3layer-drop0.1-lr0.0005,LSTM,384,3,0.1,0.0005,40,22,0.77,1.223893079161644,0.77,1.223893079161644,0.7605985037406484,0.9523093979852157,305,401,2970644,11607.1923828125,1.3743666667627017,23.888311100003193
overnight-gru-256-3layer-drop0.2-lr0.0003,user-split-gru-256-3layer-drop0.2-lr0.0003,GRU,256,3,0.2,0.0003,40,27,0.79,0.8637158418633044,0.79,0.8637158418633044,0.8528678304239401,0.6112834458933805,342,401,995092,3890.1923828125,0.7538600000164782,15.443032799994398
overnight-gru-256-3layer-drop0.35-lr0.002,user-split-gru-256-3layer-drop0.35-lr0.002,GRU,256,3,0.35,0.002,40,23,0.875,0.5048380770906806,0.875,0.5048380770906806,0.9052369077306733,0.3922225892952553,363,401,995092,3890.1923828125,0.6622499999745439,15.405639299999166
overnight-gru-384-2layer-drop0.35-lr0.001,user-split-gru-384-2layer-drop0.35-lr0.001,GRU,384,2,0.35,0.001,40,24,0.915,0.35035059484653175,0.915,0.35035059484653175,0.9476309226932669,0.1458816334066397,380,401,1342868,5248.3798828125,0.6502333332415825,14.484816600001068
overnight-gru-384-3layer-drop0.1-lr0.001,user-split-gru-384-3layer-drop0.1-lr0.001,GRU,384,3,0.1,0.001,40,10,0.875,0.43598503060638905,0.875,0.43598503060638905,0.9002493765586035,0.37573697964226516,361,401,2229908,8713.6923828125,1.0626666667424918,19.689813899996807
overnight-gru-256-3layer-drop0.35-lr0.0005,user-split-gru-256-3layer-drop0.35-lr0.0005,GRU,256,3,0.35,0.0005,40,22,0.84,0.6399411582248286,0.84,0.6399411582248286,0.8728179551122195,0.5421299491811572,350,401,995092,3890.1923828125,0.668716666890153,15.477829000003112
overnight-lstm-128-2layer-drop0.2-lr0.001,user-split-lstm-128-2layer-drop0.2-lr0.001,LSTM,128,2,0.2,0.001,40,32,0.6925,1.4323306745290756,0.6925,1.4323306745290756,0.7655860349127181,1.0144643422374107,307,401,202772,794.8798828125,0.3739766667422373,9.054465699999128
overnight-lstm-128-2layer-drop0.35-lr0.001,user-split-lstm-128-2layer-drop0.35-lr0.001,LSTM,128,2,0.35,0.001,40,22,0.7875,0.8576524305343628,0.7875,0.8576524305343628,0.8079800498753117,0.6632369948444223,324,401,202772,794.8798828125,0.38790666658314876,9.900525099998049
overnight-lstm-128-2layer-drop0.35-lr0.0005,user-split-lstm-128-2layer-drop0.35-lr0.0005,LSTM,128,2,0.35,0.0005,40,24,0.79,0.8251099067926407,0.79,0.8251099067926407,0.7630922693266833,0.744068255151002,306,401,202772,794.8798828125,0.38706000001790625,9.924011299997801
overnight-gru-256-3layer-drop0.1-lr0.0003,user-split-gru-256-3layer-drop0.1-lr0.0003,GRU,256,3,0.1,0.0003,40,19,0.7825,0.6964677782729268,0.7825,0.6964677782729268,0.830423940149626,0.618945961135284,333,401,995092,3890.1923828125,0.6779000000581921,16.168808700000227
overnight-gru-256-3layer-drop0.35-lr0.0003,user-split-gru-256-3layer-drop0.35-lr0.0003,GRU,256,3,0.35,0.0003,40,22,0.785,0.8603000789508224,0.785,0.8603000789508224,0.8229426433915212,0.7725106969735867,330,401,995092,3890.1923828125,0.6765666667585417,15.789815399999497
overnight-conv1d-64-2layer-drop0.1-lr0.0005,user-split-conv1d-64-2layer-drop0.1-lr0.0005,Conv1D,64,2,0.1,0.0005,35,33,0.79,0.763221970796585,0.79,0.763221970796585,0.8428927680798005,0.5403149493614634,338,401,14548,64.0107421875,0.34591333314892836,6.439739200002805
overnight-lstm-384-2layer-drop0.1-lr0.0005,user-split-lstm-384-2layer-drop0.1-lr0.0005,LSTM,384,2,0.1,0.0005,40,12,0.76,1.0899834311008454,0.76,1.0899834311008454,0.6234413965087282,1.5614963582626304,250,401,1787924,6986.8798828125,0.9110333332500886,16.951477400005388
overnight-lstm-384-3layer-drop0.35-lr0.001,user-split-lstm-384-3layer-drop0.35-lr0.001,LSTM,384,3,0.35,0.001,40,18,0.845,0.7377023039385676,0.845,0.7377023039385676,0.8877805486284289,0.6436987774553442,356,401,2970644,11607.1923828125,1.3840499998574767,23.882704499999818
overnight-lstm-384-2layer-drop0.0-lr0.001,user-split-lstm-384-2layer-drop0.0-lr0.001,LSTM,384,2,0.0,0.001,40,15,0.8025,0.7206353813409805,0.8025,0.7206353813409805,0.6783042394014963,1.2739096132299847,272,401,1787924,6986.8798828125,0.9433466664631851,16.678131500004383
overnight-gru-384-1layer-drop0.0-lr0.0005,user-split-gru-384-1layer-drop0.0-lr0.0005,GRU,384,1,0.0,0.0005,40,25,0.8175,0.6703716884553432,0.8175,0.6703716884553432,0.8628428927680798,0.38448417036239046,346,401,455828,1783.0673828125,0.32951999989260605,8.563127299996268
overnight-lstm-64-2layer-drop0.0-lr0.001,user-split-lstm-64-2layer-drop0.0-lr0.001,LSTM,64,2,0.0,0.001,40,39,0.7475,1.1051276160031558,0.7475,1.1051276160031558,0.7780548628428927,0.8177517624269994,312,401,52244,206.8798828125,0.2818433332625621,8.877136099996278
overnight-lstm-384-2layer-drop0.2-lr0.001,user-split-lstm-384-2layer-drop0.2-lr0.001,LSTM,384,2,0.2,0.001,40,12,0.78,0.8494646221399307,0.78,0.8494646221399307,0.8029925187032418,0.7589840827663046,322,401,1787924,6986.8798828125,0.9222566666721832,16.957055999999284
overnight-gru-256-3layer-drop0.2-lr0.002,user-split-gru-256-3layer-drop0.2-lr0.002,GRU,256,3,0.2,0.002,40,6,0.8375,0.6040082336217165,0.8375,0.6040082336217165,0.9251870324189526,0.240910979094648,371,401,995092,3890.1923828125,0.6467100000008941,15.431791299997712
overnight-lstm-128-2layer-drop0.2-lr0.0005,user-split-lstm-128-2layer-drop0.2-lr0.0005,LSTM,128,2,0.2,0.0005,40,34,0.8,0.8680110662430525,0.8,0.8680110662430525,0.773067331670823,0.719761473579597,310,401,202772,794.8798828125,0.3709733333380427,9.109004500001902
overnight-gru-128-1layer-drop0.0-lr0.002,user-split-gru-128-1layer-drop0.0-lr0.002,GRU,128,1,0.0,0.002,40,28,0.785,0.778090890282765,0.785,0.778090890282765,0.8703241895261845,0.5189474243810052,349,401,53652,212.0048828125,0.2171799998905044,7.643938599998364
overnight-lstm-128-2layer-drop0.0-lr0.0005,user-split-lstm-128-2layer-drop0.0-lr0.0005,LSTM,128,2,0.0,0.0005,40,30,0.7475,0.8905285379290581,0.7475,0.8905285379290581,0.7755610972568578,0.8917998615048472,311,401,202772,794.8798828125,0.3852199998315579,9.201107599998068
overnight-gru-64-3layer-drop0.2-lr0.0005,user-split-gru-64-3layer-drop0.2-lr0.0005,GRU,64,3,0.2,0.0005,40,23,0.7575,1.2128729784488679,0.7575,1.2128729784488679,0.685785536159601,1.13779878437965,275,401,64468,254.8798828125,0.24104333351715468,10.014711300005729
overnight-gru-64-2layer-drop0.1-lr0.0005,user-split-gru-64-2layer-drop0.1-lr0.0005,GRU,64,2,0.1,0.0005,40,38,0.7125,1.0713980656862259,0.7125,1.0713980656862259,0.827930174563591,0.5519003347862985,332,401,39508,157.0673828125,0.225746666546911,9.002813799997966
overnight-lstm-128-3layer-drop0.35-lr0.0005,user-split-lstm-128-3layer-drop0.35-lr0.0005,LSTM,128,3,0.35,0.0005,40,30,0.68,1.1759939173981548,0.68,1.1759939173981548,0.7107231920199502,0.9143427150728102,285,401,334868,1311.1923828125,0.41574999995646067,10.562048600004346
overnight-lstm-256-3layer-drop0.1-lr0.0005,user-split-lstm-256-3layer-drop0.1-lr0.0005,LSTM,256,3,0.1,0.0005,40,22,0.7575,1.135278048850596,0.7575,1.135278048850596,0.6783042394014963,1.3477503079131357,272,401,1325076,5179.1923828125,0.7557233334712994,16.54474130000017
overnight-lstm-64-2layer-drop0.1-lr0.001,user-split-lstm-64-2layer-drop0.1-lr0.001,LSTM,64,2,0.1,0.001,40,34,0.7475,1.0549864134192466,0.7475,1.0549864134192466,0.7406483790523691,0.9460459403563616,297,401,52244,206.8798828125,0.2567566666887918,8.762930499993672
overnight-lstm-128-2layer-drop0.0-lr0.001,user-split-lstm-128-2layer-drop0.0-lr0.001,LSTM,128,2,0.0,0.001,40,25,0.7675,0.899876111894846,0.7675,0.899876111894846,0.7655860349127181,1.093647551952752,307,401,202772,794.8798828125,0.3849100001389161,9.26930629999697
overnight-lstm-128-2layer-drop0.1-lr0.001,user-split-lstm-128-2layer-drop0.1-lr0.001,LSTM,128,2,0.1,0.001,40,32,0.765,0.9594131861627102,0.765,0.9594131861627102,0.8428927680798005,0.6561604022533817,338,401,202772,794.8798828125,0.3621033332213604,9.217351799998141
overnight-lstm-256-3layer-drop0.0-lr0.001,user-split-lstm-256-3layer-drop0.0-lr0.001,LSTM,256,3,0.0,0.001,40,28,0.81,0.7411830348335207,0.81,0.7411830348335207,0.8802992518703242,0.5492770142424759,353,401,1325076,5179.1923828125,0.7622533334748975,16.09822770000028
overnight-lstm-256-2layer-drop0.35-lr0.0005,user-split-lstm-256-2layer-drop0.35-lr0.0005,LSTM,256,2,0.35,0.0005,40,23,0.755,0.8967831629514694,0.755,0.8967831629514694,0.8403990024937655,0.5553319497298719,337,401,798740,3122.8798828125,0.525273333187215,12.447026400004688
overnight-lstm-256-2layer-drop0.2-lr0.0005,user-split-lstm-256-2layer-drop0.2-lr0.0005,LSTM,256,2,0.2,0.0005,40,14,0.805,0.8487337218225002,0.805,0.8487337218225002,0.8029925187032418,0.6467463604529897,322,401,798740,3122.8798828125,0.6381766666891053,12.433709199998702
overnight-lstm-384-2layer-drop0.35-lr0.001,user-split-lstm-384-2layer-drop0.35-lr0.001,LSTM,384,2,0.35,0.001,40,22,0.875,0.4437077124882489,0.875,0.4437077124882489,0.7780548628428927,1.0541087438786714,312,401,1787924,6986.8798828125,0.924246666545514,16.76779869999882
overnight-lstm-256-3layer-drop0.0-lr0.0005,user-split-lstm-256-3layer-drop0.0-lr0.0005,LSTM,256,3,0.0,0.0005,40,23,0.755,0.9988096671551466,0.755,0.9988096671551466,0.685785536159601,1.4019763781840069,275,401,1325076,5179.1923828125,0.7373300000229694,16.13750450000225
overnight-gru-64-3layer-drop0.1-lr0.0005,user-split-gru-64-3layer-drop0.1-lr0.0005,GRU,64,3,0.1,0.0005,40,31,0.81,1.012816233858466,0.81,1.012816233858466,0.7830423940149626,1.0093761441713556,314,401,64468,254.8798828125,0.24118000001180917,9.473256700002821
overnight-gru-64-1layer-drop0.0-lr0.002,user-split-gru-64-1layer-drop0.0-lr0.002,GRU,64,1,0.0,0.002,40,25,0.6575,1.4614610745292156,0.6575,1.4614610745292156,0.7905236907730673,0.6959901322004504,317,401,14548,59.2548828125,0.2570433333554926,7.479504899994936
overnight-lstm-256-3layer-drop0.2-lr0.0005,user-split-lstm-256-3layer-drop0.2-lr0.0005,LSTM,256,3,0.2,0.0005,40,19,0.8,0.9013504669256508,0.8,0.9013504669256508,0.7456359102244389,0.9231184373175414,299,401,1325076,5179.1923828125,0.7602733334351797,16.86114280000038
overnight-gru-64-3layer-drop0.35-lr0.0005,user-split-gru-64-3layer-drop0.35-lr0.0005,GRU,64,3,0.35,0.0005,40,28,0.645,1.516407014131546,0.645,1.516407014131546,0.6982543640897756,1.1383921820623917,280,401,64468,254.8798828125,0.2452366667663834,9.401920299998892
overnight-lstm-256-2layer-drop0.1-lr0.001,user-split-lstm-256-2layer-drop0.1-lr0.001,LSTM,256,2,0.1,0.001,40,24,0.7575,1.142895387560129,0.7575,1.142895387560129,0.7605985037406484,1.017305324053824,305,401,798740,3122.8798828125,0.5214533332036808,12.639355599996634
overnight-lstm-128-3layer-drop0.35-lr0.001,user-split-lstm-128-3layer-drop0.35-lr0.001,LSTM,128,3,0.35,0.001,40,35,0.83,0.9528767916560174,0.83,0.9528767916560174,0.8379052369077307,0.847980796547602,336,401,334868,1311.1923828125,0.41361333351233043,10.427245400001993
overnight-lstm-128-3layer-drop0.0-lr0.001,user-split-lstm-128-3layer-drop0.0-lr0.001,LSTM,128,3,0.0,0.001,40,38,0.7525,1.3390841668844222,0.7525,1.3390841668844222,0.8354114713216958,0.6839338909193613,335,401,334868,1311.1923828125,0.43151666662500554,10.179257499999949
overnight-lstm-128-2layer-drop0.1-lr0.0005,user-split-lstm-128-2layer-drop0.1-lr0.0005,LSTM,128,2,0.1,0.0005,40,31,0.71,0.940188343077898,0.71,0.940188343077898,0.6807980049875312,0.9345392024427875,273,401,202772,794.8798828125,0.370906666648807,9.168359499999497
overnight-lstm-256-2layer-drop0.0-lr0.0005,user-split-lstm-256-2layer-drop0.0-lr0.0005,LSTM,256,2,0.0,0.0005,40,27,0.87,0.6981788875535131,0.87,0.6981788875535131,0.8179551122194514,0.6992857289730462,328,401,798740,3122.8798828125,0.5754633331283306,12.748563100001775
overnight-lstm-256-3layer-drop0.35-lr0.001,user-split-lstm-256-3layer-drop0.35-lr0.001,LSTM,256,3,0.35,0.001,40,30,0.8675,0.6261446405947209,0.8675,0.6261446405947209,0.8952618453865336,0.36363810419739034,359,401,1325076,5179.1923828125,0.7542000001800867,17.261065799997596
overnight-conv1d-64-2layer-drop0.2-lr0.0005,user-split-conv1d-64-2layer-drop0.2-lr0.0005,Conv1D,64,2,0.2,0.0005,35,34,0.765,0.8779627454280853,0.765,0.8779627454280853,0.8154613466334164,0.5641423639216625,327,401,14548,64.0107421875,0.35403666673422174,7.001842300000135
overnight-lstm-384-3layer-drop0.0-lr0.001,user-split-lstm-384-3layer-drop0.0-lr0.001,LSTM,384,3,0.0,0.001,40,17,0.8825,0.581488433452323,0.8825,0.581488433452323,0.9276807980049875,0.3187070857371178,372,401,2970644,11607.1923828125,1.382740000068831,23.72155620000558
overnight-lstm-256-2layer-drop0.2-lr0.001,user-split-lstm-256-2layer-drop0.2-lr0.001,LSTM,256,2,0.2,0.001,40,21,0.85,0.6145350890606642,0.85,0.6145350890606642,0.7930174563591023,0.8416396341567622,318,401,798740,3122.8798828125,0.5401066664489917,12.514468900000793
overnight-lstm-384-3layer-drop0.35-lr0.0005,user-split-lstm-384-3layer-drop0.35-lr0.0005,LSTM,384,3,0.35,0.0005,40,22,0.78,1.0429967881925404,0.78,1.0429967881925404,0.7755610972568578,1.0190343399000288,311,401,2970644,11607.1923828125,1.371806666672152,23.819588800004567
overnight-gru-384-3layer-drop0.2-lr0.0003,user-split-gru-384-3layer-drop0.2-lr0.0003,GRU,384,3,0.2,0.0003,40,11,0.78,0.768335177488625,0.78,0.768335177488625,0.827930174563591,0.6831347888841891,332,401,2229908,8713.6923828125,0.9589900000719354,19.643969199998537
overnight-lstm-128-3layer-drop0.0-lr0.0005,user-split-lstm-128-3layer-drop0.0-lr0.0005,LSTM,128,3,0.0,0.0005,40,27,0.75,1.239113858230412,0.75,1.239113858230412,0.8678304239401496,0.4807081814121427,348,401,334868,1311.1923828125,0.4305133334128186,10.16473440000118
overnight-gru-64-2layer-drop0.0-lr0.0005,user-split-gru-64-2layer-drop0.0-lr0.0005,GRU,64,2,0.0,0.0005,40,39,0.7075,1.2933915115892887,0.7075,1.2933915115892887,0.8254364089775561,0.5921481422652628,331,401,39508,157.0673828125,0.23523666653394076,8.372898300003726
overnight-lstm-384-3layer-drop0.2-lr0.001,user-split-lstm-384-3layer-drop0.2-lr0.001,LSTM,384,3,0.2,0.001,40,13,0.85,0.564004171192646,0.85,0.564004171192646,0.7306733167082294,1.0535743455379327,293,401,2970644,11607.1923828125,1.3936433332370748,24.131883899994136
overnight-lstm-384-2layer-drop0.2-lr0.0005,user-split-lstm-384-2layer-drop0.2-lr0.0005,LSTM,384,2,0.2,0.0005,40,22,0.8275,0.7075047147274017,0.8275,0.7075047147274017,0.770573566084788,1.037414413363559,309,401,1787924,6986.8798828125,0.9262733333647095,16.774584999999206
overnight-lstm-64-2layer-drop0.2-lr0.001,user-split-lstm-64-2layer-drop0.2-lr0.001,LSTM,64,2,0.2,0.001,40,36,0.7325,0.9485915665328503,0.7325,0.9485915665328503,0.7481296758104738,0.8079441076590496,300,401,52244,206.8798828125,0.25979999991250224,8.759614099995815
overnight-lstm-64-3layer-drop0.35-lr0.001,user-split-lstm-64-3layer-drop0.35-lr0.001,LSTM,64,3,0.35,0.001,40,37,0.685,1.2885401505976914,0.685,1.2885401505976914,0.7780548628428927,0.6637194941465991,312,401,85524,337.1923828125,0.24811333326700455,10.477762800001074
overnight-lstm-64-3layer-drop0.1-lr0.001,user-split-lstm-64-3layer-drop0.1-lr0.001,LSTM,64,3,0.1,0.001,40,39,0.685,1.4287121887505054,0.685,1.4287121887505054,0.7381546134663342,1.0526285208668793,296,401,85524,337.1923828125,0.24483666687350097,10.218925499997567
overnight-gru-384-1layer-drop0.0-lr0.002,user-split-gru-384-1layer-drop0.0-lr0.002,GRU,384,1,0.0,0.002,40,21,0.93,0.2976413560321089,0.93,0.2976413560321089,0.8952618453865336,0.29017439761438274,359,401,455828,1783.0673828125,0.3260499999062934,8.61380310000095
overnight-lstm-128-3layer-drop0.2-lr0.0005,user-split-lstm-128-3layer-drop0.2-lr0.0005,LSTM,128,3,0.2,0.0005,40,27,0.7725,0.980082307010889,0.7725,0.980082307010889,0.7456359102244389,0.8029574163239496,299,401,334868,1311.1923828125,0.4122333334332021,10.348816099998658
overnight-conv1d-64-2layer-drop0.35-lr0.001,user-split-conv1d-64-2layer-drop0.35-lr0.001,Conv1D,64,2,0.35,0.001,35,27,0.7425,1.0367552995681764,0.7425,1.0367552995681764,0.7930174563591023,0.5282031542939736,318,401,14548,64.0107421875,0.33125666668638587,6.463761600003636
overnight-lstm-128-3layer-drop0.1-lr0.001,user-split-lstm-128-3layer-drop0.1-lr0.001,LSTM,128,3,0.1,0.001,40,32,0.785,0.9612016016244889,0.785,0.9612016016244889,0.7506234413965087,1.0058400720134935,301,401,334868,1311.1923828125,0.4138633332331665,10.574421500001336
overnight-lstm-256-3layer-drop0.35-lr0.0005,user-split-lstm-256-3layer-drop0.35-lr0.0005,LSTM,256,3,0.35,0.0005,40,31,0.83,0.7038167914375663,0.83,0.7038167914375663,0.8129675810473815,0.9093873607101584,326,401,1325076,5179.1923828125,0.7507733333720049,16.51522449999902
overnight-lstm-128-3layer-drop0.1-lr0.0005,user-split-lstm-128-3layer-drop0.1-lr0.0005,LSTM,128,3,0.1,0.0005,40,23,0.81,0.9226022964715958,0.81,0.9226022964715958,0.773067331670823,0.7211428642124309,310,401,334868,1311.1923828125,0.41633000000729226,10.357364399998914
overnight-lstm-128-1layer-drop0.0-lr0.0005,user-split-lstm-128-1layer-drop0.0-lr0.0005,LSTM,128,1,0.0,0.0005,40,31,0.6875,1.1271566054224968,0.6875,1.1271566054224968,0.7780548628428927,0.7579920520806253,312,401,70676,278.5673828125,0.2820699999574572,7.486450199998217
overnight-lstm-64-3layer-drop0.1-lr0.0005,user-split-lstm-64-3layer-drop0.1-lr0.0005,LSTM,64,3,0.1,0.0005,40,38,0.7775,0.9433657419681549,0.7775,0.9433657419681549,0.7481296758104738,0.7076752231528337,300,401,85524,337.1923828125,0.24425999993885245,10.06215230000089
overnight-gru-64-1layer-drop0.0-lr0.001,user-split-gru-64-1layer-drop0.0-lr0.001,GRU,64,1,0.0,0.001,40,29,0.705,1.052572862058878,0.705,1.052572862058878,0.713216957605985,0.9006367458072386,286,401,14548,59.2548828125,0.21283333335304633,7.391149700000824
overnight-gru-64-2layer-drop0.35-lr0.0005,user-split-gru-64-2layer-drop0.35-lr0.0005,GRU,64,2,0.35,0.0005,40,38,0.6475,1.4464981627464295,0.6475,1.4464981627464295,0.7930174563591023,0.6501007252500539,318,401,39508,157.0673828125,0.25666333312983625,9.11438150000322
overnight-lstm-64-2layer-drop0.35-lr0.0005,user-split-lstm-64-2layer-drop0.35-lr0.0005,LSTM,64,2,0.35,0.0005,40,36,0.61,1.2387274846434593,0.61,1.2387274846434593,0.7556109725685786,0.8182548646469069,303,401,52244,206.8798828125,0.25485999988935265,9.592561400000704
overnight-lstm-64-2layer-drop0.35-lr0.001,user-split-lstm-64-2layer-drop0.35-lr0.001,LSTM,64,2,0.35,0.001,40,39,0.6975,1.2742365297675133,0.6975,1.2742365297675133,0.7680798004987531,0.8533207013125431,308,401,52244,206.8798828125,0.26118999982524355,9.645006099999591
overnight-conv1d-64-2layer-drop0.35-lr0.0005,user-split-conv1d-64-2layer-drop0.35-lr0.0005,Conv1D,64,2,0.35,0.0005,35,34,0.725,1.0138574242591858,0.725,1.0138574242591858,0.7581047381546134,0.6576982534437108,304,401,14548,64.0107421875,0.34195333331202465,6.852918900003715
overnight-lstm-128-3layer-drop0.2-lr0.001,user-split-lstm-128-3layer-drop0.2-lr0.001,LSTM,128,3,0.2,0.001,40,37,0.805,0.8633579281717538,0.805,0.8633579281717538,0.9177057356608479,0.3479911329461601,368,401,334868,1311.1923828125,0.4158066668120834,10.570158599999559
overnight-lstm-128-1layer-drop0.0-lr0.001,user-split-lstm-128-1layer-drop0.0-lr0.001,LSTM,128,1,0.0,0.001,40,20,0.7475,1.0186588008701802,0.7475,1.0186588008701802,0.7655860349127181,0.7172173032736838,307,401,70676,278.5673828125,0.22880333320548138,7.456428500001493
overnight-gru-64-3layer-drop0.1-lr0.0003,user-split-gru-64-3layer-drop0.1-lr0.0003,GRU,64,3,0.1,0.0003,40,39,0.6825,1.3887311840057373,0.6825,1.3887311840057373,0.6384039900249376,1.108597408209061,256,401,64468,254.8798828125,0.23990333332524946,10.23223549999966
overnight-gru-128-1layer-drop0.0-lr0.0003,user-split-gru-128-1layer-drop0.0-lr0.0003,GRU,128,1,0.0,0.0003,40,36,0.64,1.2893452237546443,0.64,1.2893452237546443,0.770573566084788,0.7064375913053974,309,401,53652,212.0048828125,0.21710666648383875,8.06907019999926
overnight-lstm-64-3layer-drop0.0-lr0.001,user-split-lstm-64-3layer-drop0.0-lr0.001,LSTM,64,3,0.0,0.001,40,32,0.795,0.7088758217915893,0.795,0.7088758217915893,0.8179551122194514,0.7429793500956937,328,401,85524,337.1923828125,0.2745666667275752,10.875462800002424
overnight-lstm-64-1layer-drop0.0-lr0.001,user-split-lstm-64-1layer-drop0.0-lr0.001,LSTM,64,1,0.0,0.001,40,39,0.615,1.3570654809474945,0.615,1.3570654809474945,0.6209476309226932,1.315204507097639,249,401,18964,76.5048828125,0.231303333324225,8.427037399997062
overnight-lstm-256-3layer-drop0.1-lr0.001,user-split-lstm-256-3layer-drop0.1-lr0.001,LSTM,256,3,0.1,0.001,40,29,0.8475,0.6946892717806622,0.8475,0.6946892717806622,0.8827930174563591,0.7553544651689078,354,401,1325076,5179.1923828125,0.7667166665972521,17.50306080000155
overnight-lstm-64-2layer-drop0.0-lr0.0005,user-split-lstm-64-2layer-drop0.0-lr0.0005,LSTM,64,2,0.0,0.0005,40,30,0.6625,1.1372849923372268,0.6625,1.1372849923372268,0.770573566084788,0.7311225692716026,309,401,52244,206.8798828125,0.2778866667843734,9.407332199996745
overnight-lstm-64-3layer-drop0.2-lr0.001,user-split-lstm-64-3layer-drop0.2-lr0.001,LSTM,64,3,0.2,0.001,40,39,0.67,1.6264224383234978,0.67,1.6264224383234978,0.8403990024937655,0.6061454335055744,337,401,85524,337.1923828125,0.2508233332870683,11.472732400005043
overnight-lstm-64-2layer-drop0.2-lr0.0005,user-split-lstm-64-2layer-drop0.2-lr0.0005,LSTM,64,2,0.2,0.0005,40,24,0.6775,1.0881387710571289,0.6775,1.0881387710571289,0.5760598503740648,1.1326701046522716,231,401,52244,206.8798828125,0.24837333354904936,9.307038099999772
overnight-lstm-256-3layer-drop0.2-lr0.001,user-split-lstm-256-3layer-drop0.2-lr0.001,LSTM,256,3,0.2,0.001,40,15,0.865,0.6495529552549124,0.865,0.6495529552549124,0.7830423940149626,0.7776699268869925,314,401,1325076,5179.1923828125,0.7425799999812928,16.662563800004136
overnight-gru-64-3layer-drop0.35-lr0.0003,user-split-gru-64-3layer-drop0.35-lr0.0003,GRU,64,3,0.35,0.0003,40,38,0.645,1.474076765924692,0.645,1.474076765924692,0.7356608478802993,0.8660386259716348,295,401,64468,254.8798828125,0.23733333340108703,9.333074099995429
overnight-gru-64-3layer-drop0.0-lr0.0003,user-split-gru-64-3layer-drop0.0-lr0.0003,GRU,64,3,0.0,0.0003,40,38,0.715,1.3490435828268528,0.715,1.3490435828268528,0.6633416458852868,1.2226778907966138,266,401,64468,254.8798828125,0.2901299999696979,10.250331800001732
overnight-lstm-64-2layer-drop0.1-lr0.0005,user-split-lstm-64-2layer-drop0.1-lr0.0005,LSTM,64,2,0.1,0.0005,40,37,0.605,1.467070871591568,0.605,1.467070871591568,0.6533665835411472,0.9701009537662354,262,401,52244,206.8798828125,0.25718333320886205,9.509303700004239
overnight-gru-64-3layer-drop0.2-lr0.0003,user-split-gru-64-3layer-drop0.2-lr0.0003,GRU,64,3,0.2,0.0003,40,38,0.71,1.3911695510149003,0.71,1.3911695510149003,0.7306733167082294,0.9055509674281551,293,401,64468,254.8798828125,0.24195000005420297,10.37102660000528
overnight-lstm-64-3layer-drop0.0-lr0.0005,user-split-lstm-64-3layer-drop0.0-lr0.0005,LSTM,64,3,0.0,0.0005,40,33,0.7225,0.9393963032960891,0.7225,0.9393963032960891,0.7281795511221946,0.9262104606316274,292,401,85524,337.1923828125,0.28094666655912687,10.889643399998022
overnight-lstm-64-3layer-drop0.2-lr0.0005,user-split-lstm-64-3layer-drop0.2-lr0.0005,LSTM,64,3,0.2,0.0005,40,33,0.7275,1.1665234680473804,0.7275,1.1665234680473804,0.713216957605985,0.8913689058766401,286,401,85524,337.1923828125,0.23753666682750918,10.386619299999438
overnight-lstm-384-2layer-drop0.0-lr0.0005,user-split-lstm-384-2layer-drop0.0-lr0.0005,LSTM,384,2,0.0,0.0005,40,22,0.7675,1.0152427326142788,0.7675,1.0152427326142788,0.7755610972568578,1.0169334839704327,311,401,1787924,6986.8798828125,0.9143966667276497,16.604224400005478
overnight-lstm-64-3layer-drop0.35-lr0.0005,user-split-lstm-64-3layer-drop0.35-lr0.0005,LSTM,64,3,0.35,0.0005,40,38,0.6725,1.2233692532777787,0.6725,1.2233692532777787,0.7231920199501247,0.8483296150987285,290,401,85524,337.1923828125,0.24553000015051413,9.885575200001767
overnight-gru-64-2layer-drop0.0-lr0.0003,user-split-gru-64-2layer-drop0.0-lr0.0003,GRU,64,2,0.0,0.0003,40,39,0.6575,1.3146887162327767,0.6575,1.3146887162327767,0.7855361596009975,0.6562757819073456,315,401,39508,157.0673828125,0.23870999987896843,8.794861000002129
overnight-gru-64-1layer-drop0.0-lr0.0005,user-split-gru-64-1layer-drop0.0-lr0.0005,GRU,64,1,0.0,0.0005,40,37,0.6575,1.3049586535990239,0.6575,1.3049586535990239,0.6733167082294265,0.9781404174771392,270,401,14548,59.2548828125,0.30167000004439615,7.800640699999349
overnight-gru-64-2layer-drop0.1-lr0.0003,user-split-gru-64-2layer-drop0.1-lr0.0003,GRU,64,2,0.1,0.0003,40,37,0.6425,1.3614584148675204,0.6425,1.3614584148675204,0.7381546134663342,0.7683855009792452,296,401,39508,157.0673828125,0.23997666673191512,9.106039899997995
overnight-lstm-64-1layer-drop0.0-lr0.0005,user-split-lstm-64-1layer-drop0.0-lr0.0005,LSTM,64,1,0.0,0.0005,40,28,0.3775,2.036347496509552,0.3775,2.036347496509552,0.46384039900249374,1.4795390472113343,186,401,18964,76.5048828125,0.22650000003826182,8.187645399993926
overnight-gru-64-2layer-drop0.35-lr0.0003,user-split-gru-64-2layer-drop0.35-lr0.0003,GRU,64,2,0.35,0.0003,40,36,0.6175,1.3646419107913972,0.6175,1.3646419107913972,0.7057356608478803,0.7327660140848516,283,401,39508,157.0673828125,0.2379433331952896,9.250441299998784
overnight-gru-64-2layer-drop0.2-lr0.0003,user-split-gru-64-2layer-drop0.2-lr0.0003,GRU,64,2,0.2,0.0003,40,37,0.565,1.5223304453492164,0.565,1.5223304453492164,0.7630922693266833,0.7074962384682938,306,401,39508,157.0673828125,0.22071333344986974,9.031676899998274
overnight-gru-64-1layer-drop0.0-lr0.0003,user-split-gru-64-1layer-drop0.0-lr0.0003,GRU,64,1,0.0,0.0003,40,37,0.585,1.5641080670058727,0.585,1.5641080670058727,0.5361596009975063,1.2798358995718255,215,401,14548,59.2548828125,0.2151066667768949,7.644120099997963
overnight-rnn-64-1layer-drop0.0-lr0.001,user-split-rnn-64-1layer-drop0.0-lr0.001,RNN,64,1,0.0,0.001,30,20,0.2075,2.378247709274292,0.2075,2.378247709274292,0.13216957605985039,2.483875183393236,53,401,5716,24.7548828125,0.21073666672843197,5.180474600005255
overnight-rnn-128-1layer-drop0.0-lr0.0005,user-split-rnn-128-1layer-drop0.0-lr0.0005,RNN,128,1,0.0,0.0005,30,19,0.22,2.1937845611572264,0.22,2.1937845611572264,0.06234413965087282,2.3753943137099913,25,401,19604,79.0048828125,0.22306666675528203,5.762281200004509
overnight-rnn-64-2layer-drop0.1-lr0.0005,user-split-rnn-64-2layer-drop0.1-lr0.0005,RNN,64,2,0.1,0.0005,30,18,0.21,2.1986315870285034,0.21,2.1986315870285034,0.17206982543640897,2.443580237707295,69,401,14036,57.5673828125,0.23048333338617036,6.581545699998969
overnight-rnn-128-2layer-drop0.1-lr0.0005,user-split-rnn-128-2layer-drop0.1-lr0.0005,RNN,128,2,0.1,0.0005,30,14,0.2375,2.195476131439209,0.2375,2.195476131439209,0.1371571072319202,2.4966092582355413,55,401,52628,208.3173828125,0.2424000000852781,6.450851900000998
overnight-rnn-256-2layer-drop0.0-lr0.0005,user-split-rnn-256-2layer-drop0.0-lr0.0005,RNN,256,2,0.0,0.0005,30,27,0.2225,2.130350341796875,0.2225,2.130350341796875,0.16458852867830423,2.411409555527932,66,401,203540,797.8798828125,0.34394333318535547,6.1152654999968945
overnight-rnn-128-1layer-drop0.0-lr0.001,user-split-rnn-128-1layer-drop0.0-lr0.001,RNN,128,1,0.0,0.001,30,15,0.2,2.2767993450164794,0.2,2.2767993450164794,0.09226932668329177,2.369875253287337,37,401,19604,79.0048828125,0.2091933335274613,4.874086900003022
overnight-rnn-128-2layer-drop0.0-lr0.0005,user-split-rnn-128-2layer-drop0.0-lr0.0005,RNN,128,2,0.0,0.0005,30,24,0.2275,2.2044158935546876,0.2275,2.2044158935546876,0.12219451371571072,2.5615719860034094,49,401,52628,208.3173828125,0.2686899999389425,6.263665999998921
overnight-rnn-256-1layer-drop0.0-lr0.0005,user-split-rnn-256-1layer-drop0.0-lr0.0005,RNN,256,1,0.0,0.0005,30,4,0.235,2.1480226039886476,0.235,2.1480226039886476,0.09226932668329177,2.3205777793156535,37,401,71956,283.5673828125,0.23228333326793899,5.498913399998855
overnight-rnn-64-1layer-drop0.0-lr0.003,user-split-rnn-64-1layer-drop0.0-lr0.003,RNN,64,1,0.0,0.003,30,28,0.1975,2.198100347518921,0.1975,2.198100347518921,0.14214463840399003,2.3027695381730573,57,401,5716,24.7548828125,0.20934666657315876,4.962228099997446
overnight-rnn-64-2layer-drop0.1-lr0.001,user-split-rnn-64-2layer-drop0.1-lr0.001,RNN,64,2,0.1,0.001,30,3,0.2175,2.4477531051635744,0.2175,2.4477531051635744,0.1172069825436409,2.35672165301078,47,401,14036,57.5673828125,0.2313733333721757,6.604003800006467
overnight-rnn-256-2layer-drop0.1-lr0.0005,user-split-rnn-256-2layer-drop0.1-lr0.0005,RNN,256,2,0.1,0.0005,30,22,0.235,2.256614856719971,0.235,2.256614856719971,0.12718204488778054,2.3509999225264475,51,401,203540,797.8798828125,0.3406666667918519,6.279464300001564
overnight-rnn-64-2layer-drop0.1-lr0.003,user-split-rnn-64-2layer-drop0.1-lr0.003,RNN,64,2,0.1,0.003,30,14,0.175,2.2571300077438354,0.175,2.2571300077438354,0.1371571072319202,2.3494338772243397,55,401,14036,57.5673828125,0.2226266665578199,5.436195700000098
overnight-rnn-64-1layer-drop0.0-lr0.0005,user-split-rnn-64-1layer-drop0.0-lr0.0005,RNN,64,1,0.0,0.0005,30,16,0.2725,2.044715013504028,0.2725,2.044715013504028,0.10224438902743142,2.3208717717196876,41,401,5716,24.7548828125,0.21160333320343247,5.2619973000037135
overnight-rnn-64-2layer-drop0.0-lr0.0005,user-split-rnn-64-2layer-drop0.0-lr0.0005,RNN,64,2,0.0,0.0005,30,16,0.2025,2.4810730600357056,0.2025,2.4810730600357056,0.11471321695760599,2.4321555089474916,46,401,14036,57.5673828125,0.24449333335117748,6.194408600000315
overnight-rnn-64-2layer-drop0.0-lr0.001,user-split-rnn-64-2layer-drop0.0-lr0.001,RNN,64,2,0.0,0.001,30,15,0.2025,2.564738292694092,0.2025,2.564738292694092,0.09975062344139651,2.523053553038999,40,401,14036,57.5673828125,0.24582666665082795,6.173004700001911
overnight-rnn-256-2layer-drop0.1-lr0.001,user-split-rnn-256-2layer-drop0.1-lr0.001,RNN,256,2,0.1,0.001,30,7,0.1825,2.433992085456848,0.1825,2.433992085456848,0.10224438902743142,2.5085255195969656,41,401,203540,797.8798828125,0.3279366666295876,6.289113600003475
overnight-rnn-256-1layer-drop0.0-lr0.001,user-split-rnn-256-1layer-drop0.0-lr0.001,RNN,256,1,0.0,0.001,30,5,0.17,2.330027403831482,0.17,2.330027403831482,0.0399002493765586,2.6583608106484733,16,401,71956,283.5673828125,0.23571666655091877,5.939151500002481
overnight-rnn-128-2layer-drop0.0-lr0.001,user-split-rnn-128-2layer-drop0.0-lr0.001,RNN,128,2,0.0,0.001,30,5,0.19,2.3927913188934324,0.19,2.3927913188934324,0.16458852867830423,2.434445922808754,66,401,52628,208.3173828125,0.2680933333370679,6.602822599998035
overnight-rnn-256-2layer-drop0.1-lr0.003,user-split-rnn-256-2layer-drop0.1-lr0.003,RNN,256,2,0.1,0.003,30,13,0.195,2.6989717578887937,0.195,2.6989717578887937,0.04987531172069826,3.228284603937011,20,401,203540,797.8798828125,0.338716666738037,6.742435499996645
overnight-rnn-128-2layer-drop0.1-lr0.001,user-split-rnn-128-2layer-drop0.1-lr0.001,RNN,128,2,0.1,0.001,30,23,0.2,2.45443190574646,0.2,2.45443190574646,0.12219451371571072,2.5634214247848623,49,401,52628,208.3173828125,0.23444000010689098,6.238405199997942
overnight-rnn-256-2layer-drop0.0-lr0.001,user-split-rnn-256-2layer-drop0.0-lr0.001,RNN,256,2,0.0,0.001,30,2,0.18,2.3191540813446045,0.18,2.3191540813446045,0.1172069825436409,2.341681745581496,47,401,203540,797.8798828125,0.3690733331798886,6.630503799999133
overnight-rnn-64-2layer-drop0.0-lr0.003,user-split-rnn-64-2layer-drop0.0-lr0.003,RNN,64,2,0.0,0.003,30,17,0.22,2.2366630935668947,0.22,2.2366630935668947,0.18703241895261846,2.3174366757756752,75,401,14036,57.5673828125,0.23523000005904277,5.87545990000217
overnight-rnn-128-1layer-drop0.0-lr0.003,user-split-rnn-128-1layer-drop0.0-lr0.003,RNN,128,1,0.0,0.003,30,15,0.155,2.6896183586120603,0.155,2.6896183586120603,0.16957605985037408,2.4231588531313393,68,401,19604,79.0048828125,0.2234800000830243,6.170451300000423
overnight-rnn-128-2layer-drop0.1-lr0.003,user-split-rnn-128-2layer-drop0.1-lr0.003,RNN,128,2,0.1,0.003,30,27,0.1875,2.2627525234222414,0.1875,2.2627525234222414,0.1396508728179551,2.5721245234149355,56,401,52628,208.3173828125,0.23285666684387252,6.335774799998035
overnight-rnn-128-2layer-drop0.0-lr0.003,user-split-rnn-128-2layer-drop0.0-lr0.003,RNN,128,2,0.0,0.003,30,0,0.1125,3.003002758026123,0.1125,3.003002758026123,0.022443890274314215,3.069351978135525,9,401,52628,208.3173828125,0.2767633333860431,6.262534000001324
overnight-rnn-256-1layer-drop0.0-lr0.003,user-split-rnn-256-1layer-drop0.0-lr0.003,RNN,256,1,0.0,0.003,30,25,0.16,2.6132912158966066,0.16,2.6132912158966066,0.20448877805486285,2.2495297707821664,82,401,71956,283.5673828125,0.22691000000728914,5.4914692000020295
overnight-rnn-256-2layer-drop0.0-lr0.003,user-split-rnn-256-2layer-drop0.0-lr0.003,RNN,256,2,0.0,0.003,30,8,0.1,3.0283186721801756,0.1,3.0283186721801756,0.09975062344139651,2.9612147629706937,40,401,203540,797.8798828125,0.3457166666824681,6.033850600004371
